direccion,moneda,pais
6920 Ultricies Rd.,$16.32,Poland
991-9917 Nibh Avenue,$77.07,Sweden
"6920 Ultricies Rd.,$16.32,Poland",$15.71,South Korea
Ap #514-2557 Adipiscing Ave,$65.60,Costa Rica
175-3025 Ultrices Street,$25.51,Costa Rica
8059 Proin St.,$4.18,Sweden
"6920 Ultricies Rd.,$16.32,Poland",$47.48,Costa Rica
"6920 Ultricies Rd.,$16.32,Poland",$61.29,South Korea
Ap #841-4055 Laoreet St.,$22.64,Pakistan
5715 Sollicitudin St.,$40.72,Vietnam
"6920 Ultricies Rd.,$16.32,Poland",$24.79,Peru
"6920 Ultricies Rd.,$16.32,Poland",$73.27,Vietnam
Ap #577-6469 Sit Street,$71.36,Austria
Ap #713-9814 Tristique Rd.,$46.11,New Zealand
1849 Pulvinar Road,$81.07,India
"6920 Ultricies Rd.,$16.32,Poland",$29.72,Colombia
319-1236 Metus. St.,$71.37,Belgium
1423 Elementum Av.,$38.82,Peru
"6920 Ultricies Rd.,$16.32,Poland",$6.67,Canada
787-8646 Tristique Ave,$64.74,Sweden
"6920 Ultricies Rd.,$16.32,Poland",$2.97,Peru
"6920 Ultricies Rd.,$16.32,Poland",$90.63,France
532-186 Nibh Avenue,$98.78,Colombia
Ap #956-6953 Adipiscing. Rd.,$23.53,Belgium
724-452 Nunc Rd.,$88.53,Italy
