nombre,numero,email
Beck,88,ac.orci@auguesed.ca
Jared,68,et.magnis.dis@arcueu.com
Illana,39,viverra.maecenas@integerurna.co.uk
Aladdin,100,maecenas.malesuada.fringilla@metus.ca
Ivan,24,lacus.varius@telluseu.net
Dylan,33,ad@vitae.edu
Upton,13,tincidunt@faucibuslectus.ca
Mannix,86,orci@donec.co.uk
Winifred,43,amet.consectetuer.adipiscing@fringillaornare.co.uk
Rebecca,58,varius.orci@adipiscing.net
Alyssa,63,arcu.sed.eu@blandit.edu
Xenos,34,lacus.aliquam@lacusmaurisnon.net
Hunter,22,sit@nec.co.uk
Katell,32,pede@sagittissemper.org
Keegan,61,facilisis.suspendisse@vivamusmolestie.com
Magee,93,cras@necurna.net
September,46,vivamus.nisi.mauris@orciphasellus.org
Gwendolyn,80,vivamus.rhoncus.donec@aptent.com
Latifah,4,integer.vulputate@ategestas.org
Ian,39,metus@auctorvelit.co.uk
